{"spa": {"en": 0.03310696095076402, "la": 0.05050933786078088, "segunda": 0.007215619694397281, "guerra": 0.007215619694397281, "mundial": 0.007215619694397281, "se": 0.028862478777589157, "utilizaron": 0.007215619694397281, "computadoras": 0.007215619694397281, "anal\u00f3gicas": 0.007215619694397281, "orientadas": 0.007215619694397281, "a": 0.007215619694397281, "aplicaciones": 0.007215619694397281, "y": 0.03607809847198641, "durante": 0.007215619694397281, "misma": 0.007215619694397281, "desarroll\u00f3": 0.007215619694397281, "primera": 0.007215619694397281, "computadora": 0.007215619694397281, "que": 0.03607809847198641, "llam\u00f3": 0.007215619694397281, "ella": 0.007215619694397281, "ocupaba": 0.007215619694397281, "un": 0.007215619694397281, "enorme": 0.007215619694397281, "espacio": 0.007215619694397281, "consum\u00eda": 0.007215619694397281, "grandes": 0.007215619694397281, "cantidades": 0.007215619694397281, "de": 0.07215619694397274, "equivalen": 0.007215619694397281, "al": 0.007215619694397281, "consumo": 0.007215619694397281, "cientos": 0.007215619694397281, "computadores": 0.043293718166383645, "actuales": 0.007215619694397281, "los": 0.043293718166383645, "modernos": 0.007215619694397281, "est\u00e1n": 0.007215619694397281, "basados": 0.007215619694397281, "circuitos": 0.007215619694397281, "miles": 0.007215619694397281, "millones": 0.007215619694397281, "veces": 0.007215619694397281, "m\u00e1s": 0.007215619694397281, "veloces": 0.007215619694397281, "las": 0.007215619694397281, "primeras": 0.007215619694397281, "ocupan": 0.007215619694397281, "una": 0.007215619694397281, "peque\u00f1a": 0.007215619694397281, "fracci\u00f3n": 0.007215619694397281, "su": 0.007215619694397281, "simples": 0.007215619694397281, "son": 0.021646859083191864, "lo": 0.014431239388794573, "suficientemente": 0.007215619694397281, "peque\u00f1os": 0.007215619694397281, "para": 0.007215619694397281, "residir": 0.007215619694397281, "dispositivos": 0.014431239388794573, "tales": 0.014431239388794573, "como": 0.021646859083191864, "pueden": 0.007215619694397281, "ser": 0.007215619694397281, "alimentadas": 0.007215619694397281, "por": 0.007215619694397281, "peque\u00f1as": 0.007215619694397281, "personales": 0.007215619694397281, "sus": 0.007215619694397281, "diversas": 0.007215619694397281, "formas": 0.007215619694397281, "iconos": 0.007215619694397281, "llamada": 0.007215619694397281, "era": 0.007215619694397281, "informaci\u00f3n": 0.007215619694397281, "mayor\u00eda": 0.007215619694397281, "gente": 0.007215619694397281, "considera": 0.007215619694397281, "sin": 0.007215619694397281, "sistemas": 0.007215619694397281, "embedidos": 0.007215619694397281, "constituyen": 0.007215619694397281, "encuentran": 0.007215619694397281, "muchos": 0.007215619694397281, "reproductores": 0.007215619694397281, "tel\u00e9fonos": 0.007215619694397281, "aviones": 0.007215619694397281, "combate": 0.007215619694397281, "desde": 0.007215619694397281, "juguetes": 0.007215619694397281, "hasta": 0.007215619694397281, "robots": 0.007215619694397281}, "eng": {"a": 0.0457516339869281, "computer": 0.0392156862745098, "is": 0.013071895424836602, "machine": 0.006535947712418301, "that": 0.013071895424836602, "can": 0.013071895424836602, "be": 0.0196078431372549, "instructed": 0.006535947712418301, "to": 0.026143790849673203, "carry": 0.006535947712418301, "out": 0.006535947712418301, "sequences": 0.006535947712418301, "of": 0.0457516339869281, "arithmetic": 0.006535947712418301, "or": 0.013071895424836602, "logical": 0.006535947712418301, "operations": 0.006535947712418301, "automatically": 0.006535947712418301, "via": 0.006535947712418301, "modern": 0.006535947712418301, "computers": 0.0457516339869281, "have": 0.006535947712418301, "the": 0.026143790849673203, "ability": 0.006535947712418301, "follow": 0.006535947712418301, "generalized": 0.006535947712418301, "sets": 0.006535947712418301, "called": 0.006535947712418301, "these": 0.006535947712418301, "programs": 0.006535947712418301, "enable": 0.006535947712418301, "perform": 0.006535947712418301, "an": 0.006535947712418301, "extremely": 0.006535947712418301, "wide": 0.013071895424836602, "range": 0.006535947712418301, "complete": 0.006535947712418301, "including": 0.006535947712418301, "operating": 0.006535947712418301, "system": 0.006535947712418301, "and": 0.065359477124183, "peripheral": 0.006535947712418301, "equipment": 0.006535947712418301, "required": 0.006535947712418301, "used": 0.0196078431372549, "for": 0.0196078431372549, "full": 0.006535947712418301, "operation": 0.006535947712418301, "referred": 0.006535947712418301, "as": 0.032679738562091505, "this": 0.013071895424836602, "term": 0.006535947712418301, "may": 0.006535947712418301, "well": 0.006535947712418301, "group": 0.006535947712418301, "are": 0.013071895424836602, "connected": 0.006535947712418301, "work": 0.006535947712418301, "in": 0.006535947712418301, "particular": 0.006535947712418301, "network": 0.006535947712418301, "control": 0.006535947712418301, "systems": 0.006535947712418301, "variety": 0.006535947712418301, "industrial": 0.013071895424836602, "consumer": 0.006535947712418301, "includes": 0.006535947712418301, "simple": 0.006535947712418301, "special": 0.006535947712418301, "purpose": 0.013071895424836602, "devices": 0.026143790849673203, "like": 0.013071895424836602, "microwave": 0.006535947712418301, "ovens": 0.006535947712418301, "remote": 0.006535947712418301, "factory": 0.006535947712418301, "such": 0.013071895424836602, "robots": 0.006535947712418301, "also": 0.006535947712418301, "general": 0.006535947712418301, "personal": 0.006535947712418301, "mobile": 0.006535947712418301, "internet": 0.006535947712418301, "run": 0.006535947712418301, "on": 0.006535947712418301, "it": 0.006535947712418301, "connects": 0.006535947712418301, "hundreds": 0.006535947712418301, "millions": 0.006535947712418301, "other": 0.006535947712418301, "their": 0.006535947712418301}}